Masculino,PrimeiroNomeNoAccents
1,BENEDITO
1,Secretario
1,LUIZ
1,DANIEL
1,MARCOS
1,ADAO
1,WALDIR
0,Sonia
1,MARCOS
0,Keviny
1,Valdeir
0,LENI
1,LUIS
1,EUGENIO
0,CELIA
0,Ilma
1,CARLOS
1,Diego
0,NEUSALINA
0,Evelini
1,CARLOS
1,Odemir
1,JOSENIL
1,Adeilton
1,Benjamin
1,EDMILSON
1,EDSON
1,Anderson
1,FLAVIO
1,Joao
1,MARCOS
1,LEONARDO
0,Maria
1,EDVALDO
1,JOSE
1,JANDIR
1,Percio
1,EIBRAN
0,CLEUSA
0,JOANITA
1,SERGIO
0,CAROLINA
0,MARILZA
1,Nezinho
1,CLAUDINEI
1,PAULO
0,A
1,Antenor
1,MIGUEL
1,ANTONIO
1,ANDRE
1,CLARINEY
1,JOSENI
0,SANDRA
0,J
0,ANA
1,Robson
1,Edmar
1,Evanildo
1,Luis
1,ELDER
1,JOSE
0,Soraya
1,MANOEL
1,JORDAO
1,ADEMIR
1,GEOVANE
1,JONATAN
0,ELIZABETE
1,Amarilio
1,Claiton
1,HENRIQUE
1,ALISON
1,GEAN
1,GILBERTO
0,CLAIR
1,RODRIGO
0,MARIA
0,GRAZIELE
0,JUCILEIA
1,JOAO
0,ODETE
0,VANESSA
0,IZABEL
1,BENIGNO
1,Fabricio
0,MARIA
1,PAULO
1,DJALMA
0,LUCIANA
1,WALTER
1,LINDINEI
1,DEUSDETE
1,EDSON
0,ISOLINA
1,JOAO
1,JUSCELINO
1,ISRAEL
0,ROSICLER
1,LEANDRO
0,MARILZA
0,AMELIA
1,LESIHEL
0,NAIR
1,JOAO
1,JOSE
1,CLAUDIO
1,AAMRILDO
0,Sumaya
0,Larissa
1,Sebastiao
1,JOSE
1,MARCELO
0,LAURA
0,TERTULINA
0,DANIELE
1,JOSE
1,JHONATAN
1,ADEMIR
0,ADRIANA
1,RALPH
1,JOAO
0,CRISLAINE
1,MARIO
1,JEFFERSON
1,LUZIA
1,JAMES
0,JOSEFINA
1,CLEBERSON
0,JUCELEI
0,QUEZIA
0,RSILVANA
0,Gualmira
0,Sueli
1,Cesar
1,ANA
0,JACKSANIA
0,ROSENIL
0,DEBORA
1,WEBERSON
0,JOCELIA
1,WESLEI
1,LUZIANO
0,LUZIA
1,Milker
1,ELIAS
0,MARIA
1,ANTONIO
0,GIRLENY
1,CARLOS
1,ALEXANDRE
1,LEONIDAS
1,VANDERLEI
1,MARCOS
1,EROTILDE
0,G
1,SEVERINO
0,ISABEL
1,RAFAEL
0,ELIANA
0,RAYSSA
1,HEMERSON
0,SONIA
0,MARIA
1,ELPIDIO
1,GENEROSO
1,GLEIDSON
1,JONAS
1,Domingos
1,EDSON
1,Rafael
0,ARINDA
1,EDSON
1,RODRIGO
1,ANTONIO
1,TARCISIO
0,MERAIR
1,VILMAR
1,ELTON
0,LEONILDA
1,ANTONIO
0,R
1,Sergio
0,JORCELINA
1,ANTONIO
0,EDILAINE
1,MAIKON
0,WALDECINA
1,KLEMERSON
0,ERLI
1,FRANCISCO
1,Wanderson
1,DALAYNE
1,ROMILDO
1,JOSE
0,LOURDES
0,ROBERTA
0,MARTA
1,ARMANDO
1,HEA
0,CREIDY
1,PEDRO
1,ALEXSSANDRO
1,NILSON
1,EDUARDO
1,ISAC
0,MARIA
1,Fernando
0,THAIS
1,WILQUERSON
1,JOSE
0,JURACY
1,MARCO
1,AGNALDO
0,NAJILA
1,MAYCON
1,VILMA
1,JOACIR
1,VALDIVINA
1,LUIZ
1,NATALINO
0,R
1,JOELSON
1,DONIZETE
1,ADELSON
1,WELDER
1,CARLOS
0,AZENEIDE
1,MARCOS
0,MARIA
0,AILCE
0,CLEUZA
1,REGINALDO
1,CARLOS
0,ADRIANA
0,NILVA
1,CIRINO
1,SEVERINO
1,JILDENI
1,LUIZ
0,MAXIMIANA
1,NAILDO
1,ROSIVALDO
1,ARILDO
0,DANIELY
1,ANTONIO
1,FERNADO
1,CLEBER
1,Gustavo
1,Amos
1,JOSE
1,JOSE
1,Sebastiao
1,VALTER
1,Jesuino
0,CELEODIVA
1,MAURO
1,AVELINO
0,LUCIMAR
1,JULIO
1,JOCINEI
1,ORLEY
1,CLAUDEMIR
1,JEFERSON
1,DIVINO
1,GUILHERME
1,NEILO
1,JESULINO
1,IGOR
1,CRESPIM
1,SEBASTIAO
1,OSMIR
0,TALIANE
1,JOVAIR
0,TALITA
0,IZABEL
1,Administrador
1,JOSE
1,NELSINHO
1,PAULO
0,LIEGE
1,LAERCIO
1,AIR
1,OTAVIO
0,ZILMA
0,ARMINDA
0,LURDES
1,LOURIVAL
0,LUCILENE
0,JUSSARA
1,JOAQUIM
0,ELIETE
1,HONORINA
1,FABRICIO
0,BERENICE
1,NESTOR
1,RAFAEL
1,GIOVANNI
1,ERIK
1,ARTEMIO
0,Lucia
1,MARIO
1,ARI
1,BRUNO
1,CARLOS
1,ANTONIO
1,LUCIANO
1,JUNIOR
1,GILSON
0,L
1,AILTON
0,JACKELINE
1,Sandro
0,Divina
1,Jose
0,Maria
1,Caudio
1,Ivo
1,GERSON
1,MARCELO
0,AMANDA
1,MARCELO
1,JAIR
1,ALAN
1,ELDIVALDIR
1,FABIANO
1,CARLOS
1,JOSE
1,MARCIO
1,HELENO
0,L
0,GILMARA
1,JOVINO
1,REINALDO
1,CARLOS
0,CECILIA
0,JAQUELINE
1,DANIEL
1,BENEDITO
1,MARCELO
0,NAIR
1,LUAN
1,WILMAR
1,PEDROLINA
1,ALTAIR
1,Domingos
1,Defensor
1,NIVALDO
0,Kassiele
1,Cassiano
1,EDUARDO
0,Iracy
1,RAFAEL
1,DENIZEL
1,IRLEN
1,JOAO
1,DEOCLYDES
1,JOSE
1,ANDERVANIO
1,ARNALDO
0,W
1,MARCOS
1,ADELSON
1,WILSON
1,CARLOS
1,CARLOS
1,LOURIVAL
1,JAILTON
1,PAULO
1,Geraldo
0,F
1,Helio
1,Valdir
1,JOSE
1,JURANDIR
1,Defensor
1,LUIZ
1,JOAO
0,CICERA
0,ADAIR
1,JOSE
0,SIRLEI
1,RODRIGO
0,MARIA
1,JOAO
1,JOSE
0,WALY
0,GLENDA
0,T
1,EDILEY
0,ANGELA
1,JOSE
1,ELIZEU
0,Berenice
1,JUAREZ
0,Katylainne
0,DJANIRA
1,EVERALDO
0,OLGA
0,CREUSA
0,Elisangela
0,FATIMA
0,EURENICE
0,Rosa
1,LUIS
0,ELIZANGELA
1,RENATO
1,ODIMAR
0,JORGELINA
1,EDSON
1,Edmilson
1,Wilson
1,JOSE
1,GILBERTO
0,NADIR
1,LUIZ
0,ANA
0,APARECIDA
0,ANDREIA
1,ALCIDES
1,CENIL
0,ISABEL
1,Narciso
0,Luzia
1,DARCI
0,KHALIL
0,KEILA
1,ALEXANDRE
0,VERA
1,DEIRE
1,ROGERIO
0,M
0,JOANA
0,ISABEL
0,R
1,SEBASTIAO
1,ALEXANDRE
0,GERTRUDES
0,ALEXANDRA
1,PAULO
0,VERONICE
1,DIRSO
0,EDENIL
1,ALECSANDRO
1,JOSE
0,LOUDEANA
1,ESPOLIO
1,ADRIANO
1,ROVER
1,CLARICIO
0,DIRCE
1,MAIK
0,MARIA
1,FORENSE
1,Euclides
0,Maria
1,CREUZA
0,CRISTINA
0,EVANILDA
0,AMARILDA
0,MARINETE
1,WALDINEY
0,CREUNICE
1,IRENE
1,FLAVIO
1,Lucas
1,Willian
1,Helvecio
1,ARIEL
0,VIVIANE
1,ALBERTO
0,MARIA
1,ADELSON
1,VERONIL
1,EDIO
1,MARCELO
1,GERSON
1,MANOEL
0,EDILAINE
0,L
1,Caio
1,EDVALDO
1,JOSE
1,Marco
0,Maria
1,Fredolino
1,WILLIAN
1,Dorival
1,Lenine
1,ESTEVAO
0,LUZEMAR
1,APARECIDO
1,EDIVALDO
1,SIDNEY
1,NILSON
1,PAULO
1,Jose
0,VANUSA
1,FABIO
0,TEREZINHA
1,RAIMUNDO
0,KAROLINE
1,GERSON
1,ISAIAS
0,A
0,MAYRA
1,ADEMAR
1,EDIVALDIR
1,WAGNER
1,Carmelindo
1,CEDINEY
1,Wilson
1,RODRIGO
1,ODAIR
1,ANTONIO
1,BENEDITO
1,MARCOS
1,ANTONIO
1,EDUARDO
1,OSBELIO
1,Paulo
1,LUIZ
1,JOSE
1,KLEBER
1,CLODOALDO
0,AMANDA
1,WILSON
1,JAMILSON
1,GETULIO
1,PAULO
1,EDIO
1,RUBENS
1,IVO
1,NIVALDO
1,LAURO
0,J
1,JOSE
1,ANDERSON
1,Edson
1,KAIRO
1,Paulo
1,ANTONIO
0,NEUZA
1,RAFAEL
1,CLEBER
1,Gabriel
0,RENATA
1,Fabio
1,JEAN
0,RITA
0,BRUNA
1,JOSE
1,CARLOS
0,CAIRA
1,VILMAR
1,MANOEL
1,Luis
1,Wesley
1,EDIVALDO
1,JORGE
1,PAULO
1,Carlos
1,GENESIO
0,JANE
0,MAIRA
0,LEILA
1,ABELARDO
1,Claudio
1,JOADIR
0,CEILA
0,A
1,EMILIO
1,Mauro
1,VILSON
0,ISABEL
1,ISAIAS
1,VALDECIR
1,EDSON
0,MILLENA
1,VALTER
1,AMILTON
1,Vangrey
1,DAVID
0,DILENE
1,JEFERSON
1,FERNANDO
0,AUGUSTA
1,EDINEI
1,ROBERT
1,DANILO
1,JORGE
1,JOSE
0,WANDA
0,ESTHEFANI
1,ABEL
1,JOAO
1,Elidio
0,MARLETE
1,LASIO
0,CLAUDIA
1,FRANCISCO
1,Eduardo
1,CARLOS
1,JOSE
1,Walter
1,Davi
1,Nemer
1,Joaquim
0,ELISANGELA
0,NEIVA
0,PRISCILA
1,GENUINO
1,VALTER
1,FERNANDO
1,DOMINGOS
1,JOEL
1,JONAS
1,FRANKLIN
1,SAMARA
1,UANDERSON
1,Adao
1,Claudio
1,Joao
0,Eliane
1,MANOEL
1,JANES
1,RODRIGO
1,HELCIO
0,ROSILDA
0,Vilma
0,MARIA
1,WALTELEMAR
0,REGIANE
1,LUCIVANDO
0,KAROLINE
0,NEDES
1,MAYKON
1,ALESSANDRO
1,EMERSON
0,ANA
1,Odenil
1,LUIZ
1,Adilson
1,Pedro
1,JOSE
0,MARIA
1,DEUZINETE
1,Michel
1,ANTONIO
1,CESAR
0,SOLANGE
1,CANDIDO
0,MARIA
0,CRISLAYNE
1,CLAUDENIR
1,JAMBERTH
1,JOSE
1,TADEU
0,MARIA
0,KATIA
1,ADELCIO
1,EDSON
1,ODAIR
1,LEANDRO
0,MARIA
0,KATIA
1,RICARDO
1,Joao
1,Joenil
0,Lindamar
1,Ponciano
0,ADAGUIMAR
1,PAULO
1,MARIANO
1,VALDIR
1,CELIO
1,MAURICIO
0,ANA
1,CARLOS
1,JOEL
0,EDINEIA
1,Thiago
0,ANA
0,LILIAN
1,ELIAS
1,ITAMAR
1,Olimpio
1,LAERTE
1,LUCIANO
0,ADELAIDE
1,VOLMIR
1,VALDIR
0,GERCIANE
1,ADEMIR
1,JOSIEL
0,MARIANA
1,ODILO
1,JUAREZ
1,Mario
1,ERONIDES
0,ELINEIDE
0,SANTINA
1,GEILTON
0,EVA
1,PAULO
0,ALVINA
1,MOUZARTS
1,EDIR
1,JOILDES
0,C
1,MIGUEL
0,SONIA
1,JOSE
1,HUMBERTO
0,ALESSANDRA
1,NILTON
0,IRENE
1,EDSON
1,Benedito
1,ANACLETO
0,EVA
0,MARILZA
1,CARLOS
0,ELIZABETI
0,LICINETE
1,JOAO
0,MARIA
1,LEANDRO
0,EDIVANIA
1,EDVALDO
1,CLAISON
0,JOANA
1,Loemil
0,JERGELINA
1,ROOSEVELT
0,Valquiria
0,Dorvalina
1,ARMINDO
1,GILSON
0,Conceicao
1,SOSTENES
1,JOAO
0,SADY
1,OSMAR
0,MARINA
1,GILBERTO
0,LEDIR
1,LEANDRO
1,JOAO
1,MANOEL
1,RENATO
0,MICHELE
0,Regina
0,EMIRE
0,LUZINETE
0,MAXIMINA
1,JOANILDO
1,JORGE
1,JOARI
0,LIDENIL
1,JOSE
1,DEONIZIO
0,IVA
1,ANDERSON
1,CLEZIO
1,MARCELO
0,CHIRLEY
1,ELIEZER
1,JOSE
1,Luiz
0,Clarice
1,INACIO
0,CRISTIANE
0,SARA
1,EDSON
1,ANCELMO
1,LUIZ
1,JOSINALDO
1,CELSO
1,DEVANILDO
1,TELLUAN
1,DAVID
1,OTAVIO
1,DONATO
0,ROSANGELA
1,MIGUELITO
0,JOSEMAR
1,CLEBER
0,ROSELI
1,ODENILSON
1,HELIO
1,JUVENIL
1,FREDERICO
1,MIGUEL
0,MARIA
0,ANDREA
1,OSCAR
1,DEJAILDO
1,ANTONIO
1,VANDIR
1,ADEMILSON
1,Ezail
1,PAULO
1,JOSE
0,INGRID
1,Cesar
1,EDSON
1,JOAQUIM
1,JACKSON
1,LEANDRO
1,DIVINO
1,BENEDITO
1,Elivan
0,OLGA
1,Vergilio
0,BRUNA
1,EDILSON
0,DAIANE
0,IVETE
0,HELOISA
0,NEUZA
1,GONCALO
0,L
1,VICENTE
1,Arnaldo
0,ROSANI
0,SUZIANE
0,LUCIA
1,JOSE
0,ZELIA
0,Suzete
1,JOAO
0,RITA
1,JOSE
1,ALPINIANO
1,MARCELO
0,CRISTIANE
0,CLEONICE
0,DOMINGAS
0,NERCY
0,CRISTINA
1,GEZUINO
1,Aparecido
0,Janete
0,AURINETE
0,NEUZA
0,CARLOS
1,ROBERTO
1,IRINEU
1,IVO
1,VANDERLEY
1,WILQUERSON
0,LUCILENE
1,DONATO
1,VALDECIR
1,LUIZ
1,ANTONIO
1,AMARILDO
0,EDNEIA
1,LININKER
1,ROGERIO
1,RAMILSON
1,ENIVON
0,SARA
1,GLEYBSSON
0,ELISA
1,OTAVIO
1,CARLOS
1,SERGIO
1,FABIO
1,ENDERSON
1,Sebastiao
1,DORCELINO
1,ADAO
1,Gilberto
0,ELIANA
0,NEIDE
0,ROSELI
0,MAIRI
1,ELESBAO
1,ADILSON
1,CELSO
1,OIDIR
1,PEDRO
0,ROZINETE
0,ESPOSA
0,MARIA
0,RAQUEL
1,AMANCIO
1,Reinaldo
1,JOACY
1,HUMBERTO
1,WALLACE
1,EDIVALDO
1,RUY
1,Jose
1,CARLITO
1,JULIO
1,Sidnei
1,JUAREZ
1,SEBASTIAO
0,ANGELA
0,NIRLETE
1,JOAO
1,MARCILIO
0,LILIAM
0,CLAUDIA
1,PAULO
0,SIMONE
1,PAULO
1,GUSTAVO
0,MORGANA
0,JANATE
1,Ademilson
0,M
1,Claudinei
1,DEMETRIO
0,MARIANA
0,MARCELINA
1,NELSON
0,VALDENE
1,REINALDO
0,ROBERTA
0,THYSSIANI
0,JACQUELINE
1,GERSON
0,VERA
0,VIVIANE
1,ALOIR
1,JURANDI
0,ANA
0,MAURA
1,Ivan
1,IVANILDO
0,Marineuza
1,MASSA
1,LUIS
1,VANDERLEI
1,JORGE
1,CARLOS
0,MARILDE
0,JOSINETE
0,JANDIRA
1,JOAO
0,ELZIRA
1,MARCIO
1,ADELAIDIO
1,EMERSON
1,CLAUDIO
0,ANAZIR
1,SECRETARIO
0,NELCY
0,MARA
1,MASSA
1,Denis
1,NIVALDO
1,GERSON
1,ROBERTO
1,FRANCISCO
1,BENEDICTO
1,FRANCISCO
1,EDSON
1,MABEL
0,SUZAN
0,ELISANGELA
1,PEDRO
1,WELLER
0,MARINETE
1,MARIO
1,LUIZ
0,ANA
1,JAIR
0,R
1,ADAMILTON
1,RODRIGO
0,ROSA
0,SOLANGE
0,VERGULINA
1,RAYLSON
1,CRISTIANO
1,MARCIO
0,J
0,SANDRA
0,GENILDA
1,EVERTON
1,HAMILTON
1,ROSINEI
1,ALEX
1,SERGIO
0,BENEDITO
0,TARCILIA
1,AUDENAER
1,SABINO
1,ODINEY
1,Marcos
1,LUIZ
1,MASSA
1,OLDINEI
1,Abilio
1,Euclides
1,JONAS
1,JOEL
1,FRANCISCO
1,ALAN
0,NUBIA
1,SILVESTRE
0,JUSCELIA
0,APARECIDA
0,RIQUETA
1,Joao
1,Edson
1,JOSE
1,CARLOS
1,RAFAEL
1,Reinaldo
0,ANA
0,FATIMA
1,ARMINDO
1,CESAR
1,LAZARO
1,ADIL
1,CELSON
1,ADILSON
1,Eder
0,SILVA
1,JHONATAN
0,DAYANE
0,MARINA
1,CARLOS
1,ALESSANDRO
1,AMARILDO
1,JOADIL
1,OTONIEL
1,MANOEL
1,CARLOS
1,SEBASTIAO
1,PAULO
0,TANIA
0,JHESSICA
1,ELIAS
1,JEFFERSON
1,ANSELMO
1,JEAN
1,MAURO
1,IZAEL
1,ANDRE
1,MARCOS
0,TEREZA
1,Ivondenil
1,Luiz
0,GISELE
1,RICARDO
1,JOILDO
1,SILVIA
1,GILSON
1,ESPOLIO
1,ADILSON
1,JORGE
1,JUVENAL
0,JOANA
1,JEFERSON
1,JOSE
0,J
1,ENIO
0,LINDALVA
1,JURANDIR
0,JUCELENE
0,VALDIRENE
1,GIOVANNI
0,CLARI
0,JULIANA
0,SEBASTIANA
1,JOSE
0,JOANILDA
1,WAGNER
1,JONATAS
1,ERLEI
0,Kellen
0,Paula
0,Adelia
0,E
0,MARIA
1,FRANCISCO
1,JOAO
1,VANDERLEI
1,EULOGIO
1,ADELSON
1,EDER
0,MARLUCE
1,PAULO
0,DANIELA
1,JEAN
1,WILSON
1,DANIEL
0,MARIA
1,GUSTAVO
1,Joao
0,Edir
0,Marizete
1,Alberto
1,ESPOLIO
1,ROBSON
0,ADENILCE
1,WELLISON
0,IRIA
1,ROBSON
1,VALDO
0,TEREZINHA
1,MANOEL
1,ADEMIR
1,MARIO
0,HILDENETE
0,LENIL
0,ANDREIA
1,ODENIL
1,LEANDRO
0,NASARE
0,ADRIANA
1,FRANCISCO
1,JORGE
1,Kaven
0,SEBASTIANA
1,Jose
1,Diego
1,JURACY
0,Polyana
0,DILZEMAR
1,Francisco
1,SEBASTIAO
1,JORGE
1,MARCELO
0,GLORIA
0,CARMELITA
1,GEOVANI
1,PAULO
0,MARIA
1,SIDNEI
1,MARCOS
1,VANDERLEY
0,GIZELDA
0,TALIA
1,Laurindo
1,EDIVALDO
0,HELIA
1,MARCELO
1,ALOISIO
1,ALEXANDRE
1,MARIA
0,GABRIELA
1,PAULO
1,FLAVIANO
0,SANDRA
1,GONCALO
1,EDSON
0,MARIA
1,ALMIRO
1,SILVINO
1,JOSE
1,Lodovico
1,Renato
0,ROSINEIDE
0,JULIA
0,SANDRA
0,LOHANA
0,LAURIANA
1,ALCIONE
1,ESTEVAO
1,CLEVERTON
0,ADRIANA
1,PAULO
1,MARCIO
1,CLEUBER
1,Jose
1,DURVALINO
1,Joao
1,Getulio
1,JOSIANO
1,EDMAR
1,PAULO
0,GERALDA
1,SERGIO
1,CRISTIANO
0,Maria
1,WASHINGTON
0,KETRY
1,EZIO
0,MARIA
0,P
1,IPC
1,Juarez
1,ALMIRO
0,Sonia
1,PAULO
0,ROSANGELA
1,DIONISIO
1,UBIRATAN
1,Emilio
1,Antonio
1,Celio
1,Orvando
1,NATALINO
1,JEAN
0,ODILZA
1,EUFLOZINO
1,A
1,LUIZ
0,ERIKA
1,JEFERSON
0,ANA
0,GONCALINA
1,FABRICIO
1,EDIR
0,MARIA
1,CLOVIS
1,ANTONIO
1,MARCOS
1,Sadi
1,Valter
1,Adalberto
1,Amadeus
1,JOEL
1,JOSE
0,MARIA
1,JOAO
1,ODENIR
1,PAULO
1,ESPOLIO
1,OILSON
0,A
1,RODRIGO
1,ALEX
1,JORDSON
1,Altair
1,Jose
1,Mario
1,Joao
0,ESPOLIO
1,GIOVANI
1,CLEBER
1,SANDRO
1,ISMAEL
0,SIMONE
1,PAULO
0,LUELEN
0,LEILA
1,JOSE
0,INGRID
0,ERGINA
0,JUCINEIA
1,JOAQUIM
1,PEDRO
1,DAVID
1,Mario
1,Jeova
1,Luciano
0,Eliane
1,EDSON
1,JOAO
0,MIRCEIA
1,VALDENIR
1,SIMIAO
1,JOSE
1,CARLOS
0,MARLI
1,JOSE
1,WILLIAN
1,MAURICIO
1,OSNI
0,ANA
0,NAYARA
1,OSVALDO
0,RAFAELA
1,LUCIO
1,MAYCON
0,FELOMENA
1,EDMILSON
1,CLAUDINEI
1,ADJAIR
1,ISAIAS
1,ZENO
1,Anderson
1,Victor
0,Eliene
0,Maria
1,ALEX
1,FERNANDO
1,ADEILDO
0,FATIMA
0,POLIANA
1,CLEVERSON
0,Gleice
1,MARCOS
1,LUIZ
1,WILLIAN
0,MARIA
1,CLEBERSON
1,Espolio
1,JORGE
0,MARIA
1,JOSE
0,MARIA
1,LOURISVALDO
1,FELISMAR
1,LINICK
1,MOISES
0,MARIA
1,MANOEL
1,ADMILSON
0,GEOVANA
1,CELIO
0,JOSELI
1,EMERSON
0,LUCIANA
0,LINDINALVA
1,SAMUEL
1,Laercio
0,Rosalina
0,Zulena
1,Raimundo
1,Elias
1,HERMOGENES
1,JOSE
1,CASSIO
0,ANA
1,FAUSER
1,PEDRO
1,CLAUDIO
1,RONI
1,MARIO
1,ANDERSON
0,MARLENE
1,ADALBERTO
1,DIEGO
1,GIDILVAN
0,JOCELINA
1,Ronilson
0,Rosimeire
0,Marilucy
1,Jauro
1,EURICO
0,D
0,GISELI
1,DAVID
1,VALDEMIR
1,TIAGO
0,STHEFFANI
1,ALTAMIRO
0,FLORINDA
1,REINALDO
1,Otacil
1,Benedito
1,JULIAN
0,Elisangela
1,Marcos
1,MANOEL
1,ALTEVIR
0,O
1,MAURO
1,OZIRIS
1,ODENIR
1,ORLANDO
1,PEDRO
0,JOANA
1,OTACILIO
1,JOSE
1,GILMAR
1,MARCIO
1,MANOEL
0,MARIA
1,Jeovane
1,Alexandre
1,Izael
0,MARLI
1,RICHARD
0,LORECI
0,PATRICIA
1,ARI
0,ELISABETE
0,Adriana
1,ANTONIO
1,EDINEY
1,ILDO
0,PATRICIA
0,ANA
1,Oeliton
0,L
1,Oesley
1,ORLANDO
0,MARINES
0,CORACY
1,CELINHO
1,DEMIAN
1,REINALDO
0,JUCYLENE
1,CELIO
0,ELISANGELA
1,Valdir
1,JOSE
1,POPULACAO
0,Nilsa
1,BENEDITO
0,ANA
1,HELIO
1,PATRICK
0,Helena
0,Camila
1,Cesar
0,Agla
0,MARCIA
1,ADRIANO
1,HERLAN
0,MARIA
1,BENEDITO
0,JUCILENE
0,ELIVANIA
1,JOSE
0,GENEROSA
1,IVAN
1,MARCIO
0,VALQUIRIA
0,ENEDINA
1,WAGNER
1,LUIZ
1,RENATO
0,MARINETE
0,ALESSANDRA
1,JOEMIR
0,MARTA
1,MANOEL
1,VALMIR
0,ADEVAIR
0,P
1,Valnei
1,Kevin
1,Wlademir
1,Goncalo
0,ROSIANE
1,ARICLENES
0,MARIA
1,SOCRATES
1,MARCO
1,LUIZ
1,EDEMAR
1,ELIAS
0,JANIRA
1,KELSON
1,JOELESIO
1,ADEMIR
1,Dinaildo
1,LEONIR
1,FERNANDO
1,Gabriel
1,SERGIO
0,RENATA
0,SANDRA
1,HELIO
1,Ananias
1,JOSE
1,QUIRINO
0,Edinalva
0,ANDREIA
1,JOAO
1,WILSON
1,IZIO
1,ALIPIO
1,MANUEL
1,WEBERSON
0,MARIA
0,MARIA
1,SERVILHO
1,BOLESLAU
0,ALICE
1,Cicero
0,ELAINE
1,IDILBERTO
1,Marino
1,ODILSON
0,OLINDA
0,CRISTIANA
1,PEDRO
1,JOAO
0,ROSANA
1,MARINO
1,WELLINTON
1,Marco
1,VILSON
1,CASSIO
1,ANTONIO
1,JOSE
0,MARIA
1,EDEVILSON
0,ROSANGELA
1,TIAGO
1,JORGE
0,ELIZABETE
0,LUIZA
1,APARECIDO
1,DABERSON
1,MARCOS
0,SUSI
0,JOSELENY
1,JOAO
0,MARIA
1,ANDRE
1,JANIO
1,MANOEL
1,ALEX
1,GERALDO
0,Daiane
0,ELISANGELA
1,SANDROILTON
1,EULO
1,Alcides
1,JORGE
0,JESSICA
1,Claudio
1,NOEMI
1,VALDINEI
1,LUIS
1,EDEVALDO
1,JURANDIR
0,BIANCA
1,DEVANIR
0,BENEDITA
1,Goncalo
0,Ana
1,Joel
0,Maria
1,JESUS
1,SEBASTIAO
1,LAURO
1,SEBASTIAO
0,VIVIAM
1,ALAN
0,MARCELA
1,Elpidio
0,ROSA
0,VERA
0,ROSANE
1,LEANDRO
1,CARLOS
1,ANTONIO
1,SILAS
1,DIONIZIO
1,VILSON
1,QUIDO
0,RUTH
1,STAEL
0,MARIA
0,LUCIANE
0,ELEONORA
0,PATRICIA
1,LUCIO
1,MARDEN
1,EDEMILSON
0,CENIRA
0,JANAINA
0,JOIRCE
1,CLAUDEILTON
1,OLAVO
1,WILSON
1,JOELSON
1,SILVERIO
1,MARCOS
1,MAIKO
0,ALCIONE
0,MARIA
1,JAILSON
1,ANTONIO
1,ELIAS
0,D
1,JORGE
1,JOSE
1,MARCELO
0,MARIA
1,RUBENS
1,KLEBER
1,JONAS
1,GILDASIO
1,DOMINGOS
1,JOSE
1,ETERNO
1,LINDOLFO
1,JOAO
1,HUGO
0,LUCILLENE
1,CARLOS
1,CARLOS
1,ADIRSON
0,CLARICE
1,JOAO
1,WILIAN
1,M
1,Vanderson
1,BENEDITO
1,MARINO
1,DAVINO
0,APARECIDO
1,JORGE
1,VICTOR
1,JOEL
1,FABIO
0,Rita
1,FLAVIO
0,LUCIDIA
0,EDICLEIDE
0,MARILZA
1,JAIME
1,JAIR
0,EUNICE
1,ALEXANDRO
1,EDSON
1,JEFFERSON
1,CLAUDIO
1,ANTONIO
1,JOMAR
1,MARCOS
0,EUZENI
1,Edy
1,ITAMAR
1,NELSON
1,Roberto
1,GEMINIANO
1,MARCIUS
0,ROSA
1,NILSON
0,TAIZA
1,JAIR
1,VILSON
1,Roberto
1,SANDRO
1,JOSE
1,EVILAZIO
0,A
1,ALESSANDRO
0,LUIZA
0,CLARICE
0,Cirlei
1,EUZEBIO
1,FABRICIO
1,EVALDO
1,MANOEL
0,FLORICE
0,J
1,VINICIUS
1,Jose
0,LOURDES
1,JOSIAS
1,RAIMUNDO
0,EVA
0,ELISEA
1,BERGAMINE
0,JULIANA
0,JULIA
0,Neuza
1,ELISEU
1,RONEY
1,JAQUELINE
0,BENEDITA
1,ELIEL
1,DORIVAL
0,RITA
0,NUBIA
1,JOAO
1,CLAUDIO
1,LUIZ
0,ADELINA
1,ASSIS
1,Joao
0,ELAINE
0,Mirtes
1,ANTONIO
0,IVANI
1,ADEMAR
1,WILSON
1,SENILDO
1,EDSON
0,ALYNE
1,ANTONIA
1,JOSE
1,ELIZEU
1,TIAGO
0,NAIR
1,RAIMUNDO
0,MARLY
1,BENEDITO
1,JOSE
1,RODRIGO
1,ROBERTO
0,BETTY
0,SUAAD
0,NOEMI
1,Fabio
1,AGENOR
0,Debora
0,LUZINETE
1,MOACIR
1,LEONARDO
0,ROZILENE
1,ADELINO
1,HENRIQUE
1,ROGERIO
1,CLAUDIO
1,MARCOS
0,BEATRIZ
1,SINVAL
1,EUCLIDES
1,HENRIQUE
0,W
1,EGUIVALDO
0,SUN
1,SANDRO
1,CLEITON
1,JOEL
1,IVAN
1,Davi
1,EDMILTON
1,MARCOS
1,ANGELO
1,RONICLEI
0,NEIVA
1,PAULO
0,CLEIA
1,Jorge
1,RICARDO
0,B
1,JESUS
1,SEBASTIAO
1,Benedito
1,BENEDITO
1,AMADEU
0,Celina
1,EDVAR
1,CRISTIANO
1,NIVALDO
0,ROSANGELA
1,Celino
0,Eliza
1,Avelino
1,Cecilio
1,JOSUE
1,ILTON
1,ANTONIO
1,EVERTON
1,Clever
1,Edilson
1,ELEANDRO
0,DENAIR
1,KELCIO
1,ANTONIO
1,VILSON
0,DORY
1,MISRAEL
0,ROSANGELA
0,CLEUSA
0,DENIS
1,SIXTO
1,JOSE
0,REGINA
1,PAULO
0,WALQUIRIA
1,LUIS
1,ORLANDO
1,SEBASTIAO
1,Elcio
1,Pedro
1,Edson
0,Maria
0,ADANARY
1,JOSE
0,JOSELINA
0,LUCIMARE
1,CLAUDINEI
1,ADAO
1,GONCALO
1,CLEBERSON
0,LARA
1,FLAVIO
0,ELICA
0,ELIETE
1,Marcelo
1,Jose
1,Jonas
1,Dr
1,Antonio
1,GERSON
1,JOAO
1,FRANCINALDO
0,LUZINETE
0,ADRIANA
0,CLAUDIA
1,ODAIL
1,JOSE
1,LEONARDO
1,PEDRO
0,ALENIL
0,K
0,VERA
1,DANIEL
0,T
0,MARIA
1,ANTONIO
0,WALQUIRIA
0,LUCINEIA
1,JOSE
1,JOSE
0,EVA
1,REINALDO
0,APARECIDA
1,PEDRO
0,MARIA
0,CATARINA
1,WASLEY
0,MAYRA
1,ANTONIO
1,CLAUDIO
0,LENINE
1,Nilton
1,GETULIO
0,ANA
1,Edson
1,CLAUDIO
0,L
1,PAULO
0,CLEIDIANE
0,NELCIDA
1,Ranulfo
0,KARINE
0,JAQUELINE
0,ANA
1,RODRIGO
0,NILDA
1,ODIVAN
1,JOSE
1,RICARDO
0,JUTIDE
0,MARIA
0,ELAINE
0,GRACIELLY
1,FERNANDO
1,MATHEUS
0,ROMILDA
1,CARLOS
0,GUIOMAR
1,VALDECY
1,DILMA
1,VICTOR
1,AILTON
0,GISELE
1,ELIZANGELA
0,AMALIA
1,EVANDRO
1,JAMISON
1,Paulo
1,ARNALDO
0,LEOLINA
1,JORGE
1,L
1,RUBENS
1,JOSE
0,ANA
0,A
1,EDEVALDO
1,DAVID
1,NEREU
1,LUIZ
0,ADEJANETH
1,OSVALDO
1,EDSON
0,CELY
0,DIRCE
1,JONNY
1,VALDIR
1,JORGE
1,ROBERTO
1,OSVALDO
1,PAULO
1,ANTONIO
1,JURANDIR
1,JACKSON
0,LUCILENE
1,OTAIR
1,ARNOBIO
0,ANTONIA
1,JOSE
1,NIVALDO
1,JOSE
1,LUAN
0,RITA
0,DARCI
1,CARLOS
1,JOSE
1,CLEUDIMAR
0,SEBASTIANA
0,Eshelly
1,VANDIL
0,JUCINEIDE
1,Jose
1,SERGIO
1,MARCELO
1,EURIPEDES
1,SILVANI
1,ADEMIR
0,GENI
1,WELLYNGTON
1,RAIMUNDO
1,ANGELINO
0,TEODORICA
1,MAURO
0,ERIKA
1,Josmar
1,SEVERINO
1,Antonio
0,ELIANE
1,EDSON
1,ANTONIO
1,ALEXSANDER
1,CIRIACO
1,VALMIR
0,IVONE
0,KATIUSCIA
0,VALERIA
1,ANTONIO
0,FATIMA
1,FRANKLIN
1,JOSE
1,LUIZ
1,JOAO
1,ROGERIO
1,JOCELINO
1,ELIAS
1,GESUINO
1,MANOEL
1,CARLOS
1,FABRICIO
1,Waldemir
1,AILTON
1,NIVALDO
1,EDIVAN
0,SILVIA
1,Jose
1,NELSON
1,MARCOS
0,FERNANDA
1,JOAO
1,LEONCIO
0,MARCIA
1,BEM
1,RAFAEL
0,GONCALINA
1,Durvalino
1,Vitor
0,Keila
1,IDALCIR
1,Pan
1,PAULO
1,ANGELO
1,BENILTO
1,Carlos
1,Francisco
1,Lauro
1,REINALDO
0,MARIANA
1,VANDERLEI
1,FRANCISCO
1,ANTONIO
1,HERCULES
1,AURELIO
1,PAULO
1,ANTONIO
1,ANDRE
1,JOVANE
1,RAIMUNDO
0,GONCALINA
1,Pedro
0,A
1,Edvaldo
1,DOUGLAS
1,Edvilson
1,Lourival
1,ALAM
1,Gervasio
1,ORLANDO
0,ARYELLE
1,CLEBERSON
1,FABIO
0,JANAINA
0,GALDINA
1,JOAO
1,GUILHERME
1,Valdeci
1,MACIEL
0,DAYANNE
1,JEFERSON
1,LUIS
0,J
1,LOURIVAL
1,Rodnei
1,JOSE
1,ADAIR
1,JOSE
1,RAMIRO
1,GEVANISIO
1,Samuel
1,CLEIDE
1,Arnaldo
1,Adelmo
1,Pedro
1,MANOEL
0,Ana
1,JORGE
1,EDSON
1,NICASSIO
1,LUIZ
1,FRANCISCO
0,MARIA
0,T
1,Jefferson
1,ELENOIR
1,SEABASTIAO
0,ROSIMA
0,UDIANE
1,NILSON
0,JOSELINA
1,CATARINO
1,HENRIQUE
0,Rosilene
1,RONALDO
0,Sandra
1,JOSE
0,VIRGINIA
1,ELIELSON
1,RENATO
0,LUCIA
1,MARCELO
1,WESLEY
1,ESPOLIO
1,VALDEMIR
1,EZEQUIEL
0,SANDRA
0,MARIA
0,ROSEANE
1,JULIO
0,ANGELA
1,ADEL
1,Oliacil
0,ELLEN
1,IVAN
0,ZILDA
0,J
1,JUBE
1,JOSE
1,CARLOS
0,CLAUDINEIA
1,Paulo
1,SANTANA
0,Maria
1,Iziquias
0,EVANILDES
1,BENEDITO
0,ETELVINA
1,Jose
1,IVANILDO
1,VALDEIR
1,JOSE
1,LUIS
1,ODIL
1,NEZINHO
0,NAUREA
0,VIVIANE
1,GILBERTO
1,NERCIO
0,KAROLLAINNY
1,MILTON
1,JEAN
1,James
1,Juliano
0,ENEIZE
0,ANA
1,RAFAEL
1,IVO
1,ANTONIO
1,GEORGE
0,DIVALCI
1,PAULO
1,JOSE
0,DERANI
0,LAURIANE
1,Clementino
1,Valmir
1,GILVAN
1,PAULO
1,ESPOLIO
1,FERNANDO
0,L
1,GERCINDO
0,ARIANE
0,CELIA
1,MARIO
1,NATALINO
1,EDER
1,HILSON
0,ALVINDA
1,ARGEMIRO
1,ZEFERINO
0,LARISSA
1,MARCELO
1,Amilton
1,LEONARDO
0,Claudete
1,HILDEBRAND
1,MANOEL
1,ATHAYDE
0,MARIA
1,G
0,MIGUELINA
0,ELTIDE
0,MARIA
1,JAIR
1,HELIO
1,Jose
1,Valdomiro
1,WESLEY
1,SEBASTIAO
1,PAULO
1,MAURICIO
1,Goncalo
1,MARCOS
1,ROBERTO
1,Francisco
1,WANDERLEY
1,HERALDO
0,JULIANA
0,MARIA
0,NEUZA
0,ANDREIA
1,NARCISO
1,Beto
0,ESTELITA
0,BENEDITA
1,Basilio
1,EDILSON
0,MARIANA
0,ERENILDA
0,NILDA
1,JOAO
1,ALMIRO
0,ARIANE
1,PAULO
0,JOANA
1,RODINEI
1,GEORLANDO
1,CONSTANTINO
0,L
1,HELITON
0,B
0,ADRIANA
1,CARLOS
0,ERIVELTO
1,SEGISVAL
1,VALDEMAR
0,ELISENDA
1,RODRIGO
1,PAULO
1,VADENIL
1,JEAN
1,MARCOS
1,PAULO
0,KEILA
1,JORGE
0,MARTA
0,LOURDES
0,A
1,LEDSON
0,FATIMA
0,GUIOMAR
0,KETRENNER
1,JONAS
0,ANDREIA
1,SOTERIA
1,LUIZ
0,KEROLLEN
1,Jose
1,LUCIO
1,MARCOS
0,Maria
1,JOAO
1,APARECIDO
1,LAURINDO
1,LUCAS
0,EDUARDA
1,DOQUIBERG
0,ROLANDINA
0,ELIANE
1,LUDERSON
1,JOSENI
1,ORLEY
1,WASHINGTON
1,IRACELI
0,GLEICIANE
1,LUCIANO
1,LORIVAL
0,IDALICE
1,GILSON
1,ADELINO
1,MARCIO
0,ANA
1,ADAUTO
1,HERNANDES
1,Ramon
1,EVANDRO
0,PALMIRA
1,FRANCISCO
0,G
0,Edilma
1,Osvaldo
1,AUREO
1,SIDNEI
0,ILIDIA
0,A
0,SIMONE
1,ZACARIAS
1,ANTONIEL
1,ROSINALDO
1,MARCIO
0,GREICIANI
0,DORAMIR
0,LUZILENE
1,NAZARIO
1,VALDOMIRO
0,JEANNA
1,Rosimeire
1,REGINALDO
1,CLAUDINEI
1,PAULO
1,Ambrosio
0,ENA
1,Emidio
1,GLEISON
0,Jaci
1,WALDES
1,ANDRE
1,Marcos
1,JUNIOR
0,JUCIELLY
1,JOSE
1,JOILSON
1,VANDERLEI
1,PEDRO
0,J
1,ADILSON
0,Brigida
1,MANOEL
0,LENICE
1,ANELZINO
0,ANA
1,IDEBRANDO
1,VALDIVINO
0,ADACA
1,BENEDITO
1,JOAQUIM
0,GENICE
1,RAIMUNDO
0,DIONE
0,SANLENNY
0,ELIETE
1,RUTENO
1,BENEDITO
1,JOSE
1,ANTONIO
0,LUCIANE
1,JEFERSON
0,EVA
1,AGNALDO
1,RAY
0,DIRCE
0,SILBENE
0,JUSSARA
1,JULIO
1,MARCELO
1,Joao
0,ANA
0,KELY
1,BENEDITO
0,CECILIA
1,BENEDITO
1,EDVALDO
0,CATIA
1,VALDEMAR
1,VENICIO
0,JANE
1,ADANESIO
0,ANDERCLEIA
1,LUIZ
1,MAX
1,MARCOS
1,ANSELMO
0,ELIENE
1,JUSTINO
0,JOELMA
1,JANIO
1,RONEY
1,JOSE
1,DEIKSON
0,MARINA
1,JOSE
1,ISMAEL
1,NELSON
1,Jorge
1,ANTONIO
1,IZAQUE
0,MARIA
1,DANILO
0,EDNA
0,ALAENE
0,LUZIA
1,CARLOS
0,LUCIMAR
1,HERBERT
0,ANA
0,KARINA
0,RITINHA
1,Jazon
0,NADIA
1,Ildo
1,Apoloneo
1,ODILZO
1,LEANDRO
1,ALEXANDRE
0,JAQUELINE
0,LEDA
0,MARIA
0,Erenice
1,ESPOLIO
1,Ari
1,Lucio
1,Odilson
1,Adao
1,MAURO
0,ELZA
0,DANIELLE
0,MARTA
0,DENISE
1,Carlito
0,Maria
1,ELIEL
0,L
1,PEDRO
0,LUISA
1,ARISTEU
1,GILMAR
0,SERGIA
1,Welinton
1,OLIEL
1,ARCANJO
0,KAROLAINE
1,JEAN
0,Nilva
1,ORLANDO
0,ELZA
1,JOSE
1,JOSIAS
1,JOSE
1,EVALDO
1,MANOEL
1,IRINEU
1,AMARILDO
1,RONI
1,Manoel
1,Erasmo
1,NELSON
0,Ivonte
0,ROSIMONE
0,VELAZIA
0,ROSELMA
0,LAURI
1,WALDEMAR
0,Maria
0,MARIA
1,EDSON
1,THIAGO
0,VALQUIRIA
0,JOSINA
0,MARIA
0,SANDRA
0,RISA
1,Lindomar
0,NADIA
0,Valdenia
1,Reginaldo
1,DANILO
1,SATURNINO
0,EVA
1,VALDENEY
1,WESLEI
0,MARLUCE
1,JOSE
1,KLEBER
1,Ronaldo
0,WALLACE
1,Valdemar
1,MARCIO
0,MARIA
1,CLAUDIO
1,Joao
1,MANOEL
1,ESPOLIO
0,MARE
0,MARIA
1,JOSE
1,REALINO
1,ERICK
0,CLEUSA
1,OLDEMAR
1,JOSE
1,JOSE
1,Angelo
0,JAIRA
0,Julia
1,SEBASTIAO
1,EDILSON
1,ADIRSON
1,ARILDO
1,JOAO
1,ANTONIO
1,ALDETY
1,APARECIDO
1,NILDO
1,JOAO
0,ESPOLIO
1,JOAO
1,Jadderson
1,Goncalo
1,ELIAS
0,LUANA
0,DEVANIRA
0,N
1,JUNIOR
0,ANA
1,RICARDO
1,ARILSON
1,MOACYR
1,CLAUDIO
1,SEBASTIAO
0,ESPOLIO
1,CANDIDO
0,IVERLENE
1,ANDERSON
1,Nercino
1,Cristiano
1,ANDES
0,CLEONICE
0,Elizabeth
0,HEMANUELLY
1,JOAO
1,FABIO
0,ROSILENE
1,JOSE
1,MANOEL
0,ANDRESSA
1,SADI
1,ANTONIO
1,ARLINDO
1,AMBROSIO
1,RONALDO
1,ADELYSON
1,BENEDITO
1,VALDINEI
0,SILVANA
1,OSCAR
0,MARIA
1,Ailton
1,ANTONIO
0,Creuza
1,MIKHAIL
1,PEDRO
0,KATIA
1,JOSE
1,EDMILSON
1,CLEBER
1,Ede
1,JOSE
1,MARCOS
0,LENIR
1,ADIR
1,DILSON
1,OIDACIL
1,ROGERIO
1,MANOEL
0,HELENA
1,ADEMIR
0,ELIANE
1,JOSE
0,SILVANIA
0,SALETE
1,THIAGO
1,ESPOLIO
0,Zilda
1,Antonio
1,Antonio
0,ENY
1,ULES
1,SILVANO
1,MIGUEL
1,ADIRSON
0,JECIELE
1,JONATHAN
0,MARLI
0,ZILDA
0,MARIA
0,GISLAINE
0,ANGELA
0,ESPOLIO
1,ALTAMIRO
0,Eliene
1,Gerson
1,Cleudecir
1,RUBENS
0,NAURICA
0,R
0,TEREZA
1,PAULO
1,EDSON
1,SANTANA
1,ESPOLIO
0,ANA
1,GIOVANNI
0,ADRIELLE
0,ELZA
1,WILLIAM
1,DENIS
0,ROSIMEIRE
1,RODRIGO
1,XAVIER
0,MARIA
1,SIDNEY
1,CLEYTON
0,MICHELE
1,Marcilio
1,AMANDO
0,Marlene
1,AILTON
1,RAFAEL
1,JOSIMAR
1,ODIR
1,VALMIR
1,IDIOGENES
1,EDVANDE
0,A
0,MARCELA
0,MARI
1,JOAO
0,SORAIA
1,CARLOS
1,VALVERDE
1,DIONISIO
0,LIA
1,MILTON
0,ALCINEIDE
1,MARCOS
1,DOMINGOS
0,DANIELI
0,J
0,J
1,ROLANDO
0,MARIA
0,NOISE
0,KATIA
1,GUILHERME
0,Alessandra
1,RIBAS
1,JULIO
1,ESPOLIO
1,JEAN
1,WALDENSON
1,JOSE
0,SUCIANE
0,LINDINALVA
1,EMANUEL
1,JONATAN
1,JOAO
0,MARIA
1,CELSO
1,MANOEL
1,AUSCRECIO
1,EUCLIDES
0,NILMA
1,JAIR
0,EMANUELE
1,HELITON
1,LUCIMAR
1,ANDERSON
1,JHONATAN
1,ROBERTO
1,ROBERTO
0,JOINE
1,JO
0,LUCIENE
1,MARIA
1,BENEDITO
0,TATIANE
0,ADAO
1,JOSE
0,Shirley
1,Erivaldo
1,CELSON
1,DHIAN
0,MARIA
0,ISALTINA
1,ALEXSANDRO
0,EMILIA
1,VALDINEIS
1,GILSON
1,CARLOS
1,JONATHAS
1,CLEITON
1,LUIZ
1,ISRAEL
1,JURACY
0,Aderaldo
1,ESMERALDINA
1,PAULO
0,CACILDA
1,DANIELE
0,ESPOLIO
1,DEYVID
0,ISABEL
1,EVERALDO
1,MARCELO
0,LENIR
1,SEBASTIAO
1,EVALDO
1,VALDIR
0,LAURA
0,ENGRACIA
1,REGINALDO
1,VALDENIR
1,WILLIAN
1,RONEI
1,ROSENIL
0,OSELICE
1,Antonio
1,JESMIEL
1,JOSE
1,LINDAURO
1,ESPOLIO
1,JOSE
1,VALDEMAR
1,JOAO
1,ADEMAR
1,JOAO
1,Rodrigo
1,TERCEIROS
1,MILTON
1,WELLINGTON
1,RAPHAEL
1,LAZARO
0,EROTILDES
0,DALVA
1,HERCULES
1,WILSON
0,MARIA
1,MANOEL
1,WILLIAN
0,MAGDA
0,KELLY
1,FELICIO
1,WELLINGTON
1,GILBERTO
1,ADIB
1,Rudson
1,SIDNEI
1,CLAUDINEY
1,Osvaldo
0,JOICY
1,GHIAN
0,JOANICE
1,EDSON
1,GONCALO
0,MARIA
1,GREGORIO
1,VALMIR
0,DELZA
0,MARIA
0,TELMO
0,G
1,MAURO
1,CLEBER
0,J
1,FREDERICO
1,LAERCIO
1,AMILTON
1,MURILO
0,FRANCISCA
1,DHIAN
1,ANDRE
1,ADRIANO
0,RONEIDE
1,MARCOS
1,ROBSON
1,JOAQUIM
0,MARIA
1,JONAS
0,Andresa
1,Jose
1,Dr
1,EVILSON
1,JOSE
0,L
0,J
1,EXPEDITO
1,PAULO
1,ADI
1,JEFFERSON
1,Jorge
1,VALDEBRANDO
0,WILMA
1,HUDSON
1,Geraldo
1,CLEITON
1,KENNEDY
1,PAULO
0,wheslen
0,R
1,IGLESIAS
0,A
1,NATALINO
0,IZOLDA
1,ODIRLEY
0,DORACY
1,IVAN
1,JOSE
1,EXPEDITO
1,JUCIMAR
1,RAIMUNDO
1,PAULO
0,SEBASTIANA
1,MANOEL
1,JORGE
1,DALBIAN
0,OSNI
1,ALEX
1,WELKER
1,JOSE
1,SANDRO
1,ADILSON
1,ODIL
1,MARCELO
0,VANDERLEIA
1,EDSON
0,L
1,LILIANA
1,ANTONIO
1,SANDRO
0,ANA
1,NEDILSON
1,JACKSON
1,GENESIO
1,MARTINIANO
1,LEANDRO
1,JOMAR
1,LICINIO
1,EDSON
1,CLAUDEMIR
1,JEFFERSON
0,CARMENCITA
1,WAGNER
1,Genilson
1,MARIO
0,MARIA
1,GEFFERSON
0,MARCILIANE
1,MARCELO
0,ANITA
0,MARIA
1,ELISEU
0,SANDRA
0,ELEN
1,PAULO
0,EDY
1,OZIEL
1,Antonio
0,Neuza
0,FRANCISCA
1,EDVALDO
0,TAMARALINE
1,MARCIO
0,DEISE
1,GUILHERME
0,NILVA
0,ROSINETE
0,MARIA
1,ERALDO
0,SUELI
1,EUGIVAN
0,SOLANGE
1,ADEMAR
1,Jose
1,ADRIANO
1,LUIZ
1,CLAYTON
0,ROSILENE
0,MARIA
1,Alexssandro
0,ADRIANE
1,MANOEL
1,GONCALO
0,M
1,JONATHAN
0,SONIA
0,E
0,FRANCISMARA
1,LEONARDO
1,JOAQUIM
1,JULIO
1,ATAYDE
1,THIAGO
0,CECILIA
0,ZENILDA
0,ARLENE
0,ADRIANE
0,MARIA
1,Manoel
1,EGILDO
1,ADEMILSON
1,ADILSON
1,DIABO
0,DEUZA
1,REGINALDO
1,WILLIS
1,JUNIOR
1,DARCI
1,Jose
1,Vanderley
1,Romilton
1,EDMAR
1,LINCOL
1,CLODOALDO
0,JURACINA
0,Cleudete
0,MAIARA
1,ALCIDES
0,THAYSE
1,JOSE
0,ANA
1,WEVERSON
1,ANTONIO
1,MARIO
1,ANTONIO
1,JOSE
1,AILSON
1,GILSON
1,ELIU
1,J
1,JOSE
1,ANTONIO
0,MARINA
0,ANTONIA
0,ANTONIA
1,JAILSON
0,FERNANDA
0,ELZA
1,DORVACIO
1,AGNALDO
1,MAURO
1,VALTEIR
1,ANDRE
1,SILAS
1,JOSE
1,Deyvid
1,BENEDITO
0,LUCILENE
1,DAVI
1,VALDEMIL
0,WILMA
1,ALCIDES
1,Pedro
0,ROSIMAURA
1,WANDERSON
1,FABIO
0,ANGELA
1,Valdecil
1,Tintimo
1,LUIZ
0,KETELY
1,ATAMIR
1,DEJAIRES
1,CRISTOVAM
0,RAYCES
1,RAFAEL
1,MARCIO
0,Rosemary
1,HORMINDA
0,KEYLLA
1,Rosalino
1,AGENOR
1,MOISES
1,ALESSANDRO
0,IVONETE
0,TATIANE
1,CLOVIS
0,Antonio
1,Odiney
1,SERGIO
1,COSME
0,Maria
1,PAULO
1,HELIO
0,JOVILENE
1,GONCALO
1,FAUSTINO
1,MARCAL
1,JONHNS
0,ROSILANI
1,JOEL
1,ADEMILSON
1,JEAN
0,EULANDIA
1,MANOEL
1,TIAGO
0,EDICLEIA
0,A
1,ROBERTO
1,TIAGO
1,MAURO
0,ANA
1,RUBENS
1,MARCUS
1,HELIO
0,AURICELIA
0,NANZA
1,MARTINIANO
1,JORGE
0,Helena
1,ARZIMIRO
1,ANTONIO
1,WAUDMIR
0,ELIANE
1,FRANCISMAR
1,HELBSON
0,MARIA
1,JOSE
1,ESPOLIO
1,FABRICIO
0,CRISTIANE
0,ANA
0,LUANA
1,Ricardo
1,ELISIO
1,JORGE
0,JESSICA
0,RENATA
0,NILMA
1,JOAO
1,REGINALDO
1,FILDELIS
1,DAMIAO
0,EDINEUZA
1,LINDOMAR
1,LUCAS
1,JOAO
0,ELUANY
0,MARINEIDE
0,STEFANY
1,ELBERTINO
1,LUZIAN
0,LENI
0,MARGARONE
1,JOAO
0,JOAQUINA
0,LENIRA
0,MARIA
1,ARISTEU
0,C
1,CRISTIANO
0,RAQUEL
1,CRISTIANO
1,ANTONIO
1,MAYCON
1,JOSE
1,Rondelei
0,MARIA
1,MARCIO
0,MARINA
1,Enilson
1,JOSE
1,HELIO
1,MARCELO
1,MOISES
1,Alcides
1,ABIDONEL
1,Otavio
0,BERENICE
0,DANIELE
1,AGENOR
0,ROBERTA
1,JORGE
1,UBIRAJARA
1,JOSE
